{"stats":{"minecraft:killed_by":{"minecraft:player":19},"minecraft:used":{"minecraft:oak_fence":17,"minecraft:oak_trapdoor":8,"minecraft:petrified_oak_slab":79,"minecraft:jungle_leaves":50,"minecraft:writable_book":8,"minecraft:iron_bars":294,"minecraft:iron_shovel":40,"minecraft:polished_blackstone":240,"minecraft:red_concrete":54,"minecraft:redstone":91,"minecraft:spruce_slab":86,"minecraft:ladder":37,"minecraft:oak_sign":204,"minecraft:polished_basalt":371,"minecraft:spruce_planks":474,"minecraft:brown_concrete":3,"minecraft:white_terracotta":356,"minecraft:stone":608,"minecraft:stripped_jungle_wood":6,"minecraft:grass":40,"minecraft:quartz_stairs":5,"minecraft:bell":2,"minecraft:spruce_leaves":25,"minecraft:torch":3,"minecraft:dirt":38,"minecraft:anvil":171,"minecraft:white_carpet":56,"minecraft:brick_slab":741,"minecraft:spruce_stairs":42,"minecraft:oak_wood":2,"minecraft:spruce_fence":81,"minecraft:granite":478,"minecraft:nether_brick_stairs":1,"minecraft:polished_diorite":125,"minecraft:andesite_wall":116,"minecraft:shroomlight":30,"minecraft:glass":197,"minecraft:dark_oak_planks":2246,"minecraft:sea_lantern":349,"minecraft:cyan_terracotta":3317,"minecraft:bricks":2012,"minecraft:bookshelf":3278,"minecraft:quartz_pillar":5,"minecraft:black_stained_glass_pane":24,"minecraft:lantern":40,"minecraft:iron_block":27,"minecraft:grass_block":226,"minecraft:oak_stairs":118,"minecraft:brick_stairs":5,"minecraft:polished_andesite_stairs":97,"minecraft:quartz_block":98,"minecraft:dark_oak_slab":33,"minecraft:smooth_quartz":3,"minecraft:stone_brick_stairs":18,"minecraft:barrel":60,"minecraft:item_frame":1,"minecraft:bedrock":3,"minecraft:basalt":1051,"minecraft:repeater":286,"minecraft:red_carpet":21,"minecraft:redstone_lamp":3,"minecraft:lime_concrete":13,"minecraft:brown_carpet":15,"minecraft:black_stained_glass":1,"minecraft:hay_block":34,"minecraft:scaffolding":5,"minecraft:furnace":2,"minecraft:polished_diorite_stairs":57,"minecraft:gold_block":42,"minecraft:skeleton_skull":1,"minecraft:stone_pressure_plate":20,"minecraft:stripped_spruce_wood":20,"minecraft:quartz_bricks":3,"minecraft:water_bucket":46,"minecraft:mossy_stone_bricks":49,"minecraft:diorite":27,"minecraft:end_rod":21,"minecraft:damaged_anvil":143,"minecraft:brick_wall":4,"minecraft:gray_carpet":10,"minecraft:polished_andesite":1988,"minecraft:oak_planks":2484,"minecraft:blackstone":10,"minecraft:redstone_block":39,"minecraft:spruce_sign":13,"minecraft:stonecutter":2,"minecraft:clay":102,"minecraft:cobblestone_slab":15,"minecraft:cracked_stone_bricks":81,"minecraft:polished_blackstone_pressure_plate":1,"minecraft:dark_oak_trapdoor":36,"minecraft:yellow_terracotta":1171,"minecraft:lime_terracotta":5,"minecraft:purpur_stairs":1,"minecraft:rail":16,"minecraft:comparator":22,"minecraft:oak_slab":172,"minecraft:yellow_concrete":168,"minecraft:campfire":2,"minecraft:chiseled_quartz_block":124,"minecraft:stone_brick_wall":249,"minecraft:gray_concrete":601,"minecraft:painting":47,"minecraft:black_concrete_powder":4,"minecraft:spruce_log":206,"minecraft:dark_oak_door":21,"minecraft:redstone_torch":47,"minecraft:oak_log":694,"minecraft:black_terracotta":818,"minecraft:netherite_block":71,"minecraft:lever":7,"minecraft:flower_pot":16,"minecraft:black_concrete":356,"minecraft:birch_fence_gate":1,"minecraft:diamond_shovel":1063,"minecraft:daylight_detector":35,"minecraft:acacia_door":13,"minecraft:command_block":517,"minecraft:light_gray_concrete":77,"minecraft:lime_carpet":39,"minecraft:heavy_weighted_pressure_plate":1,"minecraft:oak_button":8,"minecraft:barrier":1614,"minecraft:stone_button":8,"minecraft:spruce_pressure_plate":8,"minecraft:lectern":1,"minecraft:stone_slab":107,"minecraft:red_terracotta":159,"minecraft:spruce_trapdoor":224,"minecraft:oak_pressure_plate":14,"minecraft:iron_door":2,"minecraft:spruce_sapling":162,"minecraft:gravel":722,"minecraft:polished_andesite_slab":58,"minecraft:soul_lantern":1,"minecraft:crimson_sign":2,"minecraft:pink_bed":6,"minecraft:chiseled_stone_bricks":19,"minecraft:fire_coral_block":4,"minecraft:coal_block":8,"minecraft:cobblestone":56,"minecraft:stripped_oak_wood":67,"minecraft:andesite":337,"minecraft:chain_command_block":29,"minecraft:lapis_block":5,"minecraft:bucket":8,"minecraft:repeating_command_block":12,"minecraft:smooth_stone_slab":446,"minecraft:sea_pickle":2,"minecraft:stripped_oak_log":3,"minecraft:white_concrete":16,"minecraft:coarse_dirt":205,"minecraft:smooth_stone":4,"minecraft:bone_meal":117,"minecraft:soul_torch":7,"minecraft:cobweb":50},"minecraft:dropped":{"minecraft:wheat_seeds":7,"minecraft:bookshelf":1,"minecraft:barrier":1,"minecraft:yellow_terracotta":2,"minecraft:granite":1,"minecraft:command_block":5,"minecraft:music_disc_pigstep":1,"minecraft:music_disc_13":1,"minecraft:music_disc_11":1,"minecraft:gold_block":1,"minecraft:cyan_terracotta":1,"minecraft:repeater":1,"minecraft:music_disc_strad":1,"minecraft:writable_book":3,"minecraft:music_disc_ward":1,"minecraft:music_disc_wait":1,"minecraft:black_concrete":1,"minecraft:music_disc_stal":1,"minecraft:music_disc_cat":1,"minecraft:dandelion":8,"minecraft:music_disc_blocks":1,"minecraft:red_concrete":1,"minecraft:music_disc_chirp":1,"minecraft:chiseled_quartz_block":1,"minecraft:oak_planks":5,"minecraft:diamond_shovel":2,"minecraft:music_disc_far":1,"minecraft:oak_sign":1,"minecraft:oak_button":1,"minecraft:spruce_planks":1,"minecraft:quartz_block":1,"minecraft:music_disc_mall":1,"minecraft:music_disc_mellohi":1},"minecraft:custom":{"minecraft:interact_with_anvil":22,"minecraft:open_barrel":8,"minecraft:leave_game":232,"minecraft:time_since_death":39468,"minecraft:climb_one_cm":111748,"minecraft:sprint_one_cm":7810298,"minecraft:walk_one_cm":7473401,"minecraft:drop":46,"minecraft:deaths":41,"minecraft:sneak_time":99678,"minecraft:walk_under_water_one_cm":33553,"minecraft:interact_with_lectern":2,"minecraft:jump":42481,"minecraft:walk_on_water_one_cm":63891,"minecraft:interact_with_cartography_table":1,"minecraft:play_one_minute":3856619,"minecraft:pot_flower":13,"minecraft:sleep_in_bed":1,"minecraft:time_since_rest":39541,"minecraft:damage_taken":6806,"minecraft:damage_dealt":9168,"minecraft:swim_one_cm":16023,"minecraft:fly_one_cm":22183800,"minecraft:player_kills":30,"minecraft:crouch_one_cm":324239,"minecraft:fall_one_cm":69531},"minecraft:mined":{"minecraft:grass_block":375,"minecraft:dirt":7},"minecraft:picked_up":{"minecraft:azure_bluet":2,"minecraft:gold_block":1,"minecraft:oak_sign":2,"minecraft:spruce_planks":1,"minecraft:poppy":1,"minecraft:torch":2,"minecraft:warped_pressure_plate":1,"minecraft:quartz_block":1,"minecraft:command_block":5,"minecraft:cyan_terracotta":1,"minecraft:yellow_terracotta":2,"minecraft:bookshelf":1,"minecraft:rail":1,"minecraft:oxeye_daisy":1,"minecraft:barrier":1,"minecraft:repeater":1,"minecraft:chiseled_quartz_block":1,"minecraft:lantern":2,"minecraft:wheat_seeds":14,"minecraft:oak_planks":5,"minecraft:dandelion":16,"minecraft:diamond_shovel":2,"minecraft:black_concrete":1,"minecraft:writable_book":3,"minecraft:painting":13,"minecraft:oak_button":1,"minecraft:red_concrete":1}},"DataVersion":2586}