{"stats":{"minecraft:dropped":{"minecraft:bricks":1,"minecraft:lever":1,"minecraft:tall_grass":1,"minecraft:barrier":11,"minecraft:grass_block":2,"minecraft:polished_andesite":2,"minecraft:warped_pressure_plate":1,"minecraft:torch":3,"minecraft:spruce_planks":1,"minecraft:music_disc_strad":1,"minecraft:bone_meal":1,"minecraft:painting":2},"minecraft:used":{"minecraft:oak_fence":23,"minecraft:water_bucket":8,"minecraft:blue_terracotta":8,"minecraft:jungle_leaves":1107,"minecraft:brick_wall":6,"minecraft:birch_planks":16,"minecraft:polished_andesite":1112,"minecraft:acacia_trapdoor":4,"minecraft:spruce_slab":37,"minecraft:dark_oak_sign":8,"minecraft:ladder":39,"minecraft:oak_sign":87,"minecraft:polished_basalt":4,"minecraft:spruce_planks":1819,"minecraft:stone":448,"minecraft:spruce_sign":110,"minecraft:clay":8,"minecraft:bell":1,"minecraft:stripped_crimson_stem":102,"minecraft:spruce_leaves":706,"minecraft:oak_leaves":6,"minecraft:white_wool":105,"minecraft:torch":43,"minecraft:dark_oak_trapdoor":9,"minecraft:dirt":11,"minecraft:anvil":208,"minecraft:rail":742,"minecraft:yellow_terracotta":63,"minecraft:crafting_table":2,"minecraft:brick_slab":2,"minecraft:jungle_planks":2,"minecraft:spruce_stairs":175,"minecraft:birch_sign":12,"minecraft:black_banner":1,"minecraft:stone_brick_wall":189,"minecraft:gray_concrete":919,"minecraft:dark_oak_fence_gate":2,"minecraft:painting":107,"minecraft:note_block":9,"minecraft:black_bed":4,"minecraft:spruce_fence":37,"minecraft:spruce_log":5,"minecraft:dark_oak_door":17,"minecraft:shroomlight":2,"minecraft:redstone_torch":2,"minecraft:oak_log":580,"minecraft:glass":19,"minecraft:dark_oak_planks":172,"minecraft:stone_brick_slab":22,"minecraft:flower_pot":5,"minecraft:lever":11,"minecraft:music_disc_pigstep":1,"minecraft:black_concrete":175,"minecraft:cyan_terracotta":227,"minecraft:black_stained_glass_pane":6,"minecraft:stone_button":1,"minecraft:bricks":977,"minecraft:bookshelf":26,"minecraft:red_tulip":1,"minecraft:daylight_detector":158,"minecraft:acacia_door":8,"minecraft:quartz_slab":262,"minecraft:grass_block":196,"minecraft:light_gray_concrete":128,"minecraft:lantern":7,"minecraft:iron_block":122,"minecraft:oak_stairs":43,"minecraft:brick_stairs":7,"minecraft:quartz_block":2,"minecraft:barrier":643,"minecraft:spruce_pressure_plate":29,"minecraft:stone_slab":37,"minecraft:dark_oak_slab":46,"minecraft:spruce_trapdoor":48,"minecraft:smooth_quartz":521,"minecraft:iron_door":7,"minecraft:spruce_sapling":93,"minecraft:gravel":70,"minecraft:barrel":26,"minecraft:stone_brick_stairs":210,"minecraft:soul_lantern":3,"minecraft:music_disc_stal":1,"minecraft:item_frame":12,"minecraft:bamboo":8,"minecraft:bedrock":1,"minecraft:basalt":929,"minecraft:coal_block":137,"minecraft:red_carpet":79,"minecraft:redstone_lamp":130,"minecraft:cobblestone":183,"minecraft:hay_block":82,"minecraft:infested_cracked_stone_bricks":1,"minecraft:iron_trapdoor":144,"minecraft:dark_oak_pressure_plate":22,"minecraft:furnace":1,"minecraft:andesite":7,"minecraft:glass_pane":157,"minecraft:repeating_command_block":1,"minecraft:smooth_stone_slab":183,"minecraft:bone_meal":930,"minecraft:soul_torch":3},"minecraft:picked_up":{"minecraft:music_disc_strad":1,"minecraft:barrier":11,"minecraft:wheat":1,"minecraft:music_disc_stal":2,"minecraft:item_frame":1,"minecraft:red_carpet":2,"minecraft:spruce_planks":1,"minecraft:torch":3,"minecraft:gravel":1,"minecraft:music_disc_pigstep":1,"minecraft:grass_block":2,"minecraft:polished_andesite":2,"minecraft:lever":1,"minecraft:painting":16,"minecraft:bone_meal":1,"minecraft:spruce_sign":12,"minecraft:bricks":1,"minecraft:rail":7},"minecraft:killed_by":{"minecraft:player":26},"minecraft:custom":{"minecraft:interact_with_smithing_table":1,"minecraft:interact_with_anvil":12,"minecraft:play_record":2,"minecraft:tune_noteblock":92,"minecraft:open_barrel":38,"minecraft:play_one_minute":2056480,"minecraft:interact_with_loom":2,"minecraft:bell_ring":4,"minecraft:pot_flower":6,"minecraft:leave_game":68,"minecraft:time_since_death":5569,"minecraft:sleep_in_bed":3,"minecraft:climb_one_cm":55597,"minecraft:time_since_rest":5595,"minecraft:sprint_one_cm":3466215,"minecraft:damage_taken":10008,"minecraft:walk_one_cm":3742613,"minecraft:drop":25,"minecraft:minecart_one_cm":2869,"minecraft:damage_dealt":4395,"minecraft:swim_one_cm":17657,"minecraft:fly_one_cm":14178940,"minecraft:player_kills":14,"minecraft:open_chest":1,"minecraft:crouch_one_cm":126407,"minecraft:deaths":67,"minecraft:sneak_time":60439,"minecraft:walk_under_water_one_cm":30582,"minecraft:jump":32145,"minecraft:walk_on_water_one_cm":53439,"minecraft:fall_one_cm":53598}},"DataVersion":2586}