{"stats":{"minecraft:killed_by":{"minecraft:player":2},"minecraft:custom":{"minecraft:jump":291,"minecraft:time_since_rest":1066,"minecraft:play_one_minute":23892,"minecraft:crouch_one_cm":16007,"minecraft:damage_taken":655,"minecraft:leave_game":3,"minecraft:sprint_one_cm":42283,"minecraft:time_since_death":1042,"minecraft:walk_one_cm":53890,"minecraft:deaths":4,"minecraft:sneak_time":4546,"minecraft:climb_one_cm":1307,"minecraft:fall_one_cm":3453,"minecraft:fly_one_cm":63801}},"DataVersion":2586}