{"stats":{"minecraft:custom":{"minecraft:interact_with_anvil":29,"minecraft:open_barrel":13,"minecraft:leave_game":450,"minecraft:time_since_death":29523,"minecraft:climb_one_cm":159158,"minecraft:damage_resisted":364,"minecraft:sprint_one_cm":13074193,"minecraft:walk_one_cm":13207888,"minecraft:drop":81,"minecraft:deaths":95,"minecraft:sneak_time":207864,"minecraft:walk_under_water_one_cm":45372,"minecraft:interact_with_lectern":7,"minecraft:jump":72478,"minecraft:walk_on_water_one_cm":92392,"minecraft:interact_with_cartography_table":1,"minecraft:play_one_minute":7528580,"minecraft:pot_flower":18,"minecraft:sleep_in_bed":1,"minecraft:time_since_rest":29546,"minecraft:damage_taken":16590,"minecraft:damage_dealt":12678,"minecraft:swim_one_cm":26968,"minecraft:fly_one_cm":50404558,"minecraft:player_kills":42,"minecraft:open_chest":25,"minecraft:crouch_one_cm":493832,"minecraft:fall_one_cm":326038},"minecraft:used":{"minecraft:diorite_stairs":8,"minecraft:oak_fence":18,"minecraft:oak_trapdoor":8,"minecraft:petrified_oak_slab":79,"minecraft:jungle_leaves":108,"minecraft:blue_terracotta":1,"minecraft:writable_book":13,"minecraft:iron_bars":358,"minecraft:iron_shovel":40,"minecraft:dead_tube_coral_block":4,"minecraft:smooth_quartz_slab":3,"minecraft:polished_blackstone":240,"minecraft:red_concrete":2350,"minecraft:spruce_slab":219,"minecraft:redstone":95,"minecraft:ladder":53,"minecraft:poppy":2,"minecraft:oak_sign":301,"minecraft:polished_basalt":383,"minecraft:spruce_planks":3208,"minecraft:chest":2,"minecraft:white_terracotta":414,"minecraft:brown_concrete":3,"minecraft:stone":696,"minecraft:stripped_jungle_wood":6,"minecraft:bell":3,"minecraft:quartz_stairs":5,"minecraft:grass":40,"minecraft:spruce_leaves":1079,"minecraft:torch":12,"minecraft:dirt":105,"minecraft:anvil":189,"minecraft:white_carpet":88,"minecraft:brick_slab":1008,"minecraft:spruce_stairs":184,"minecraft:stone_stairs":5,"minecraft:beehive":2,"minecraft:oak_wood":2,"minecraft:polished_granite_slab":16,"minecraft:spruce_fence":94,"minecraft:granite":478,"minecraft:warped_pressure_plate":2,"minecraft:snowball":41,"minecraft:blue_concrete":2,"minecraft:nether_brick_stairs":1,"minecraft:polished_diorite":1393,"minecraft:shroomlight":742,"minecraft:andesite_wall":125,"minecraft:glass":212,"minecraft:dark_oak_planks":6491,"minecraft:crimson_button":1,"minecraft:packed_ice":818,"minecraft:sea_lantern":368,"minecraft:cyan_terracotta":4524,"minecraft:quartz_slab":17,"minecraft:bricks":2027,"minecraft:lime_banner":132,"minecraft:bookshelf":3447,"minecraft:quartz_pillar":5,"minecraft:iron_block":66,"minecraft:black_stained_glass_pane":24,"minecraft:spruce_wood":646,"minecraft:lantern":72,"minecraft:grass_block":229,"minecraft:oak_stairs":211,"minecraft:brick_stairs":66,"minecraft:polished_andesite_stairs":632,"minecraft:quartz_block":98,"minecraft:dark_oak_slab":388,"minecraft:smooth_quartz":17,"minecraft:repeater":343,"minecraft:blue_banner":33,"minecraft:crimson_planks":568,"minecraft:stone_brick_stairs":18,"minecraft:barrel":70,"minecraft:warped_stairs":21,"minecraft:item_frame":4,"minecraft:birch_button":1,"minecraft:bedrock":147,"minecraft:basalt":1252,"minecraft:snow":6904,"minecraft:brown_carpet":16,"minecraft:red_carpet":177,"minecraft:redstone_lamp":3,"minecraft:lime_concrete":1661,"minecraft:black_stained_glass":1,"minecraft:gray_glazed_terracotta":1,"minecraft:hay_block":34,"minecraft:scaffolding":9,"minecraft:jungle_button":1,"minecraft:furnace":2,"minecraft:podzol":4,"minecraft:horn_coral_block":1,"minecraft:trapped_chest":9,"minecraft:polished_diorite_stairs":59,"minecraft:gold_block":113,"minecraft:skeleton_skull":1,"minecraft:granite_wall":35,"minecraft:stone_pressure_plate":45,"minecraft:acacia_planks":225,"minecraft:stripped_spruce_wood":20,"minecraft:water_bucket":46,"minecraft:quartz_bricks":3,"minecraft:chiseled_polished_blackstone":1,"minecraft:dark_oak_stairs":13,"minecraft:yellow_banner":29,"minecraft:mossy_stone_bricks":49,"minecraft:diorite":27,"minecraft:end_rod":21,"minecraft:damaged_anvil":144,"minecraft:spruce_door":9,"minecraft:brick_wall":9,"minecraft:lodestone":1,"minecraft:snow_block":2511,"minecraft:gray_carpet":10,"minecraft:acacia_trapdoor":2,"minecraft:polished_andesite":5278,"minecraft:oak_planks":2534,"minecraft:blackstone":10,"minecraft:redstone_block":62,"minecraft:composter":12,"minecraft:spruce_sign":76,"minecraft:stonecutter":2,"minecraft:clay":144,"minecraft:cobblestone_slab":15,"minecraft:cracked_stone_bricks":98,"minecraft:gilded_blackstone":7,"minecraft:rail":33,"minecraft:polished_blackstone_pressure_plate":1,"minecraft:dark_oak_trapdoor":50,"minecraft:light_blue_concrete":80,"minecraft:purpur_stairs":1,"minecraft:lime_terracotta":5,"minecraft:yellow_terracotta":1234,"minecraft:comparator":22,"minecraft:lime_bed":2,"minecraft:oak_slab":172,"minecraft:red_bed":2,"minecraft:brown_banner":1,"minecraft:light_gray_terracotta":176,"minecraft:yellow_concrete":181,"minecraft:blue_ice":32778,"minecraft:campfire":2,"minecraft:chiseled_quartz_block":124,"minecraft:stone_brick_wall":255,"minecraft:gray_concrete":694,"minecraft:painting":53,"minecraft:black_concrete_powder":46,"minecraft:spruce_log":226,"minecraft:warped_planks":552,"minecraft:dark_oak_door":24,"minecraft:redstone_torch":62,"minecraft:oak_log":795,"minecraft:black_terracotta":996,"minecraft:gray_terracotta":1,"minecraft:flower_pot":21,"minecraft:netherite_block":96,"minecraft:lever":10,"minecraft:green_concrete":1,"minecraft:black_concrete":538,"minecraft:command_block":739,"minecraft:lime_carpet":226,"minecraft:acacia_door":13,"minecraft:daylight_detector":36,"minecraft:diamond_shovel":1063,"minecraft:birch_fence_gate":1,"minecraft:dark_oak_log":3,"minecraft:light_gray_concrete":80,"minecraft:heavy_weighted_pressure_plate":1,"minecraft:barrier":2608,"minecraft:oak_button":15,"minecraft:warped_slab":25,"minecraft:stone_button":16,"minecraft:spruce_pressure_plate":34,"minecraft:lectern":1,"minecraft:stone_slab":135,"minecraft:red_terracotta":242,"minecraft:polished_granite":38,"minecraft:spruce_trapdoor":249,"minecraft:oak_pressure_plate":14,"minecraft:gravel":788,"minecraft:iron_door":3,"minecraft:spruce_sapling":162,"minecraft:polished_andesite_slab":1008,"minecraft:soul_lantern":1,"minecraft:crimson_sign":2,"minecraft:pink_bed":6,"minecraft:chiseled_stone_bricks":107,"minecraft:coal_block":9,"minecraft:fire_coral_block":4,"minecraft:cobblestone":77,"minecraft:bubble_coral_block":2,"minecraft:stripped_oak_wood":68,"minecraft:crimson_stairs":19,"minecraft:white_banner":7,"minecraft:andesite":471,"minecraft:bucket":8,"minecraft:red_banner":141,"minecraft:lapis_block":5,"minecraft:chain_command_block":39,"minecraft:glass_pane":2,"minecraft:repeating_command_block":31,"minecraft:smooth_stone_slab":476,"minecraft:ice":90,"minecraft:sea_pickle":2,"minecraft:polished_blackstone_button":1,"minecraft:stripped_oak_log":3,"minecraft:white_concrete":944,"minecraft:coarse_dirt":232,"minecraft:warped_button":1,"minecraft:bone_meal":117,"minecraft:smooth_stone":4,"minecraft:jukebox":9,"minecraft:cobweb":59,"minecraft:soul_torch":9},"minecraft:picked_up":{"minecraft:light_blue_concrete":1,"minecraft:azure_bluet":2,"minecraft:gold_block":2,"minecraft:crimson_planks":1,"minecraft:orange_concrete":1,"minecraft:soul_soil":1,"minecraft:smooth_stone_slab":2,"minecraft:oak_sign":2,"minecraft:spruce_planks":1,"minecraft:poppy":1,"minecraft:spruce_slab":2,"minecraft:spruce_trapdoor":1,"minecraft:torch":4,"minecraft:snow_block":2,"minecraft:warped_pressure_plate":1,"minecraft:black_dye":1,"minecraft:quartz_block":1,"minecraft:command_block":9,"minecraft:tropical_fish":4,"minecraft:cyan_terracotta":2,"minecraft:yellow_terracotta":5,"minecraft:bookshelf":2,"minecraft:rail":1,"minecraft:soul_campfire":1,"minecraft:oxeye_daisy":1,"minecraft:barrier":1,"minecraft:repeater":1,"minecraft:chiseled_quartz_block":1,"minecraft:gray_concrete":1,"minecraft:lantern":2,"minecraft:wheat_seeds":14,"minecraft:acacia_trapdoor":1,"minecraft:oak_planks":5,"minecraft:purple_concrete":1,"minecraft:yellow_concrete":1,"minecraft:lime_concrete":2,"minecraft:dandelion":16,"minecraft:gravel":26,"minecraft:red_banner":1,"minecraft:soul_torch":1,"minecraft:dark_oak_log":1,"minecraft:sea_lantern":1,"minecraft:iron_hoe":1,"minecraft:polished_andesite":1,"minecraft:diamond_shovel":2,"minecraft:black_concrete":1,"minecraft:polished_diorite":1,"minecraft:writable_book":3,"minecraft:painting":22,"minecraft:oak_button":1,"minecraft:magenta_concrete":1,"minecraft:red_concrete":2},"minecraft:killed_by":{"minecraft:player":35},"minecraft:mined":{"minecraft:grass_block":375,"minecraft:dirt":7},"minecraft:dropped":{"minecraft:crimson_planks":1,"minecraft:stripped_spruce_log":1,"minecraft:black_dye":1,"minecraft:wheat_seeds":7,"minecraft:bookshelf":2,"minecraft:yellow_terracotta":5,"minecraft:barrier":1,"minecraft:iron_helmet":1,"minecraft:granite":1,"minecraft:command_block":9,"minecraft:music_disc_pigstep":1,"minecraft:acacia_trapdoor":1,"minecraft:polished_andesite":2,"minecraft:music_disc_11":1,"minecraft:music_disc_13":1,"minecraft:spruce_leaves":1,"minecraft:gold_block":2,"minecraft:cyan_terracotta":2,"minecraft:packed_ice":1,"minecraft:ice":1,"minecraft:torch":1,"minecraft:repeater":1,"minecraft:snowball":1,"minecraft:potion":1,"minecraft:music_disc_strad":1,"minecraft:writable_book":3,"minecraft:music_disc_ward":1,"minecraft:music_disc_wait":1,"minecraft:black_concrete":1,"minecraft:music_disc_stal":1,"minecraft:music_disc_cat":1,"minecraft:dandelion":8,"minecraft:music_disc_blocks":1,"minecraft:snow_block":3,"minecraft:red_concrete":2,"minecraft:music_disc_chirp":1,"minecraft:chiseled_quartz_block":1,"minecraft:lime_concrete":1,"minecraft:oak_planks":5,"minecraft:iron_hoe":1,"minecraft:diamond_shovel":2,"minecraft:music_disc_far":1,"minecraft:oak_sign":1,"minecraft:sea_lantern":1,"minecraft:oak_button":1,"minecraft:spruce_planks":1,"minecraft:quartz_block":1,"minecraft:blue_ice":1,"minecraft:music_disc_mall":1,"minecraft:spruce_wood":1,"minecraft:spruce_slab":2,"minecraft:music_disc_mellohi":1,"minecraft:stripped_spruce_wood":1}},"DataVersion":2586}