{"stats":{"minecraft:used":{"minecraft:diorite_stairs":1,"minecraft:oak_trapdoor":4,"minecraft:petrified_oak_slab":1,"minecraft:nether_brick_fence":2,"minecraft:jungle_leaves":19,"minecraft:polished_blackstone_brick_slab":97,"minecraft:writable_book":3,"minecraft:iron_bars":46,"minecraft:flint_and_steel":18,"minecraft:smooth_quartz_slab":50,"minecraft:dispenser":6,"minecraft:red_concrete":2373,"minecraft:spruce_slab":1000,"minecraft:redstone":3,"minecraft:ladder":33,"minecraft:oak_sign":13,"minecraft:spruce_planks":1213,"minecraft:light_blue_terracotta":14,"minecraft:polished_basalt":5,"minecraft:chest":4,"minecraft:green_banner":6,"minecraft:white_terracotta":195,"minecraft:stone":260,"minecraft:purple_shulker_box":6,"minecraft:creeper_head":5,"minecraft:white_shulker_box":1,"minecraft:brown_shulker_box":4,"minecraft:quartz_stairs":5,"minecraft:bell":15,"minecraft:polished_blackstone_wall":12,"minecraft:dried_kelp_block":4,"minecraft:netherrack":18,"minecraft:spruce_leaves":1169,"minecraft:torch":2,"minecraft:brewing_stand":5,"minecraft:anvil":34,"minecraft:dirt":19,"minecraft:red_nether_brick_slab":1,"minecraft:ancient_debris":11,"minecraft:white_carpet":15,"minecraft:hopper":9,"minecraft:spruce_stairs":205,"minecraft:cobblestone_wall":30,"minecraft:crimson_hyphae":1,"minecraft:jungle_slab":6,"minecraft:nether_brick_slab":36,"minecraft:pink_terracotta":234,"minecraft:acacia_button":1,"minecraft:beehive":36,"minecraft:spruce_fence":22,"minecraft:granite":53,"minecraft:shroomlight":189,"minecraft:blue_concrete":10,"minecraft:oak_fence_gate":1,"minecraft:nether_brick_stairs":6,"minecraft:polished_diorite":2311,"minecraft:andesite_wall":364,"minecraft:brown_terracotta":833,"minecraft:glass":288,"minecraft:dark_oak_planks":3414,"minecraft:red_shulker_box":5,"minecraft:crimson_button":1,"minecraft:packed_ice":348,"minecraft:sea_lantern":2,"minecraft:cyan_terracotta":820,"minecraft:quartz_slab":202,"minecraft:chipped_anvil":91,"minecraft:lime_banner":57,"minecraft:bookshelf":1242,"minecraft:quartz_pillar":59,"minecraft:grass_block":168,"minecraft:iron_block":1571,"minecraft:cyan_shulker_box":9,"minecraft:spruce_wood":720,"minecraft:lantern":370,"minecraft:light_weighted_pressure_plate":2,"minecraft:quartz_block":24,"minecraft:spruce_button":3,"minecraft:acacia_slab":58,"minecraft:polished_andesite_stairs":451,"minecraft:crimson_slab":460,"minecraft:dark_oak_wood":153,"minecraft:dark_oak_leaves":109,"minecraft:polished_blackstone_brick_stairs":11,"minecraft:dark_oak_slab":2125,"minecraft:smooth_quartz":2,"minecraft:black_stained_glass":70,"minecraft:crimson_planks":731,"minecraft:repeater":19,"minecraft:barrel":279,"minecraft:red_stained_glass_pane":19,"minecraft:warped_stairs":25,"minecraft:item_frame":85,"minecraft:birch_button":1,"minecraft:bedrock":1,"minecraft:tripwire_hook":49,"minecraft:glowstone":102,"minecraft:basalt":29,"minecraft:birch_trapdoor":24,"minecraft:snow":5205,"minecraft:red_carpet":625,"minecraft:redstone_lamp":7,"minecraft:lime_concrete":707,"minecraft:brown_carpet":49,"minecraft:gray_glazed_terracotta":6,"minecraft:emerald_block":1,"minecraft:scaffolding":49,"minecraft:written_book":1,"minecraft:iron_trapdoor":72,"minecraft:blue_shulker_box":12,"minecraft:yellow_glazed_terracotta":1,"minecraft:furnace":1,"minecraft:podzol":206,"minecraft:polished_diorite_stairs":97,"minecraft:gold_block":217,"minecraft:stone_pressure_plate":17,"minecraft:gray_banner":3,"minecraft:acacia_planks":15,"minecraft:dragon_head":3,"minecraft:observer":1,"minecraft:polished_blackstone_stairs":4,"minecraft:lime_glazed_terracotta":4,"minecraft:chiseled_polished_blackstone":136,"minecraft:dark_oak_stairs":236,"minecraft:light_blue_shulker_box":3,"minecraft:end_rod":77,"minecraft:damaged_anvil":156,"minecraft:pink_glazed_terracotta":7,"minecraft:snow_block":214,"minecraft:wither_skeleton_skull":5,"minecraft:powered_rail":4,"minecraft:polished_andesite":6861,"minecraft:yellow_shulker_box":2,"minecraft:acacia_trapdoor":4,"minecraft:dark_oak_sign":33,"minecraft:cartography_table":4,"minecraft:blackstone":64,"minecraft:lime_concrete_powder":22,"minecraft:redstone_block":5,"minecraft:composter":72,"minecraft:spruce_sign":51,"minecraft:fletching_table":1,"minecraft:beacon":1,"minecraft:stonecutter":12,"minecraft:smooth_quartz_stairs":11,"minecraft:cracked_stone_bricks":3352,"minecraft:oak_leaves":15,"minecraft:white_wool":7,"minecraft:pink_concrete":190,"minecraft:polished_blackstone_pressure_plate":10,"minecraft:dark_oak_trapdoor":101,"minecraft:rail":5,"minecraft:orange_carpet":108,"minecraft:purpur_stairs":1,"minecraft:yellow_terracotta":584,"minecraft:comparator":75,"minecraft:light_blue_concrete":300,"minecraft:infested_chiseled_stone_bricks":44,"minecraft:loom":1,"minecraft:brown_banner":22,"minecraft:blast_furnace":68,"minecraft:yellow_concrete":257,"minecraft:blue_ice":2690,"minecraft:campfire":25,"minecraft:dark_oak_fence_gate":2,"minecraft:purple_terracotta":1,"minecraft:note_block":2,"minecraft:lime_shulker_box":1,"minecraft:painting":88,"minecraft:brown_glazed_terracotta":3,"minecraft:spruce_log":61,"minecraft:cake":1,"minecraft:warped_planks":66,"minecraft:dark_oak_door":8,"minecraft:netherite_block":525,"minecraft:sticky_piston":5,"minecraft:redstone_torch":116,"minecraft:blue_glazed_terracotta":5,"minecraft:black_terracotta":635,"minecraft:piston":63,"minecraft:lever":50,"minecraft:green_concrete":662,"minecraft:flower_pot":37,"minecraft:black_concrete":102,"minecraft:firework_rocket":33,"minecraft:daylight_detector":9,"minecraft:birch_fence_gate":2,"minecraft:command_block":63,"minecraft:dark_oak_log":294,"minecraft:heavy_weighted_pressure_plate":4,"minecraft:lime_carpet":475,"minecraft:zombie_head":2,"minecraft:cracked_polished_blackstone_bricks":169,"minecraft:barrier":3655,"minecraft:oak_button":9,"minecraft:stone_button":11,"minecraft:lectern":5,"minecraft:jungle_stairs":17,"minecraft:magenta_concrete":1,"minecraft:stone_slab":332,"minecraft:red_terracotta":272,"minecraft:polished_granite":6,"minecraft:spruce_trapdoor":70,"minecraft:iron_door":36,"minecraft:spruce_sapling":71,"minecraft:gravel":1178,"minecraft:polished_andesite_slab":1479,"minecraft:soul_lantern":1,"minecraft:crimson_sign":2,"minecraft:green_carpet":56,"minecraft:chiseled_stone_bricks":1043,"minecraft:coal_block":3,"minecraft:green_shulker_box":5,"minecraft:cobblestone":169,"minecraft:orange_banner":12,"minecraft:andesite":2954,"minecraft:acacia_pressure_plate":4,"minecraft:crimson_stairs":24,"minecraft:white_banner":33,"minecraft:bucket":7,"minecraft:grindstone":15,"minecraft:dark_oak_fence":44,"minecraft:red_banner":99,"minecraft:glass_pane":84,"minecraft:chain":602,"minecraft:sea_pickle":41,"minecraft:grass_path":3,"minecraft:repeating_command_block":20,"minecraft:polished_blackstone_button":3,"minecraft:white_concrete":954,"minecraft:coarse_dirt":287,"minecraft:warped_button":3,"minecraft:bone_meal":175,"minecraft:jukebox":1,"minecraft:cobweb":13},"minecraft:dropped":{"minecraft:spruce_sign":1,"minecraft:daylight_detector":1,"minecraft:bookshelf":2,"minecraft:jungle_fence":1,"minecraft:dark_oak_slab":3,"minecraft:barrier":2,"minecraft:andesite_wall":4,"minecraft:lantern":1,"minecraft:cracked_stone_bricks":2,"minecraft:spruce_leaves":1,"minecraft:light_weighted_pressure_plate":1,"minecraft:polished_andesite":4,"minecraft:end_rod":1,"minecraft:gold_block":1,"minecraft:oxeye_daisy":1,"minecraft:birch_fence":1,"minecraft:brewing_stand":1,"minecraft:warped_stairs":2,"minecraft:dark_oak_fence":1,"minecraft:repeater":1,"minecraft:green_carpet":1,"minecraft:crimson_fence":1,"minecraft:bone_meal":1,"minecraft:black_concrete":1,"minecraft:dark_oak_planks":1,"minecraft:dark_oak_door":1,"minecraft:red_concrete":1,"minecraft:polished_andesite_slab":1,"minecraft:cobblestone_wall":3,"minecraft:black_terracotta":2,"minecraft:grindstone":1,"minecraft:comparator":1,"minecraft:spruce_fence":1,"minecraft:snow":1,"minecraft:crimson_slab":1,"minecraft:orange_banner":1,"minecraft:spruce_planks":1,"minecraft:acacia_slab":2,"minecraft:spruce_wood":2,"minecraft:painting":2,"minecraft:spruce_log":1,"minecraft:beacon":1,"minecraft:iron_bars":1,"minecraft:bell":1,"minecraft:scaffolding":2,"minecraft:written_book":1,"minecraft:acacia_fence":1,"minecraft:lectern":1},"minecraft:custom":{"minecraft:interact_with_anvil":7,"minecraft:inspect_hopper":2,"minecraft:open_barrel":29,"minecraft:fill_cauldron":1,"minecraft:open_shulker_box":3,"minecraft:bell_ring":23,"minecraft:eat_cake_slice":2,"minecraft:leave_game":31,"minecraft:time_since_death":11044,"minecraft:climb_one_cm":10233,"minecraft:sprint_one_cm":2871027,"minecraft:walk_one_cm":5723097,"minecraft:drop":67,"minecraft:deaths":14,"minecraft:sneak_time":77045,"minecraft:walk_under_water_one_cm":2299,"minecraft:interact_with_lectern":11,"minecraft:jump":19230,"minecraft:interact_with_blast_furnace":6,"minecraft:walk_on_water_one_cm":8231,"minecraft:play_one_minute":2452765,"minecraft:pot_flower":26,"minecraft:interact_with_grindstone":6,"minecraft:interact_with_stonecutter":1,"minecraft:time_since_rest":11066,"minecraft:damage_taken":1426,"minecraft:damage_dealt":1600,"minecraft:swim_one_cm":1039,"minecraft:fly_one_cm":17719940,"minecraft:player_kills":6,"minecraft:open_chest":1,"minecraft:crouch_one_cm":149023,"minecraft:fall_one_cm":31852,"minecraft:inspect_dispenser":1},"minecraft:killed_by":{"minecraft:player":2},"minecraft:picked_up":{"minecraft:stone_slab":1,"minecraft:gold_block":1,"minecraft:brewing_stand":1,"minecraft:warped_stairs":1,"minecraft:snow":1,"minecraft:cracked_stone_bricks":2,"minecraft:spruce_planks":2,"minecraft:written_book":1,"minecraft:dark_oak_door":1,"minecraft:andesite_wall":1,"minecraft:bookshelf":2,"minecraft:crimson_slab":1,"minecraft:oxeye_daisy":1,"minecraft:barrier":3,"minecraft:cobblestone_wall":1,"minecraft:lantern":1,"minecraft:acacia_planks":2,"minecraft:spruce_wood":1,"minecraft:polished_andesite_slab":1,"minecraft:scaffolding":1,"minecraft:black_terracotta":1,"minecraft:dark_oak_slab":2,"minecraft:spruce_log":1,"minecraft:green_carpet":1,"minecraft:polished_andesite":4,"minecraft:painting":8,"minecraft:spruce_sign":1,"minecraft:acacia_slab":2,"minecraft:red_concrete":1}},"DataVersion":2586}