{"stats":{"minecraft:picked_up":{"minecraft:spruce_leaves":1,"minecraft:music_disc_strad":1,"minecraft:wheat":1,"minecraft:leather_leggings":1,"minecraft:packed_ice":1,"minecraft:potion":1,"minecraft:snow":2,"minecraft:item_frame":1,"minecraft:spruce_planks":2,"minecraft:torch":3,"minecraft:porkchop":2,"minecraft:snow_block":2,"minecraft:music_disc_pigstep":1,"minecraft:dark_oak_planks":2,"minecraft:rail":7,"minecraft:barrier":12,"minecraft:music_disc_stal":2,"minecraft:ice":1,"minecraft:stripped_spruce_wood":1,"minecraft:leather_boots":1,"minecraft:red_carpet":2,"minecraft:spruce_wood":1,"minecraft:stone_brick_slab":1,"minecraft:lime_concrete":1,"minecraft:gravel":1,"minecraft:stripped_spruce_log":1,"minecraft:grass_block":3,"minecraft:dark_oak_log":1,"minecraft:polished_andesite":2,"minecraft:lever":1,"minecraft:iron_helmet":1,"minecraft:blue_ice":4,"minecraft:painting":19,"minecraft:bone_meal":1,"minecraft:spruce_sign":12,"minecraft:bricks":1},"minecraft:killed":{"minecraft:pig":1},"minecraft:dropped":{"minecraft:yellow_concrete":1,"minecraft:barrier":12,"minecraft:purple_concrete":1,"minecraft:grass_block":3,"minecraft:polished_andesite":2,"minecraft:warped_pressure_plate":1,"minecraft:dark_oak_log":2,"minecraft:torch":4,"minecraft:music_disc_strad":1,"minecraft:bone_meal":1,"minecraft:dark_oak_planks":2,"minecraft:stone_brick_slab":1,"minecraft:snow_block":1,"minecraft:polished_diorite":1,"minecraft:bricks":1,"minecraft:lever":1,"minecraft:smooth_stone_slab":2,"minecraft:lime_concrete":2,"minecraft:orange_concrete":1,"minecraft:red_banner":1,"minecraft:tall_grass":1,"minecraft:magenta_concrete":1,"minecraft:light_blue_concrete":1,"minecraft:snow":2,"minecraft:spruce_trapdoor":1,"minecraft:spruce_planks":2,"minecraft:blue_ice":3,"minecraft:leather_boots":1,"minecraft:leather_leggings":1,"minecraft:painting":3},"minecraft:used":{"minecraft:oak_fence":23,"minecraft:blue_terracotta":8,"minecraft:jungle_leaves":1364,"minecraft:iron_bars":7,"minecraft:red_concrete":441,"minecraft:spruce_slab":62,"minecraft:ladder":42,"minecraft:oak_sign":124,"minecraft:polished_basalt":4,"minecraft:spruce_planks":3318,"minecraft:stone":564,"minecraft:bell":1,"minecraft:stripped_crimson_stem":102,"minecraft:spruce_leaves":1543,"minecraft:torch":60,"minecraft:dirt":22,"minecraft:anvil":208,"minecraft:brick_slab":2,"minecraft:jungle_planks":2,"minecraft:spruce_stairs":271,"minecraft:cobblestone_wall":3,"minecraft:stone_stairs":7,"minecraft:spruce_fence":43,"minecraft:blue_concrete":2,"minecraft:polished_diorite":239,"minecraft:shroomlight":3,"minecraft:glass":31,"minecraft:stone_brick_slab":24,"minecraft:dark_oak_planks":2467,"minecraft:packed_ice":75,"minecraft:sea_lantern":2,"minecraft:cyan_terracotta":533,"minecraft:bookshelf":36,"minecraft:bricks":978,"minecraft:red_tulip":1,"minecraft:music_disc_pigstep":1,"minecraft:black_stained_glass_pane":6,"minecraft:quartz_slab":262,"minecraft:spruce_wood":102,"minecraft:lantern":7,"minecraft:iron_block":122,"minecraft:grass_block":235,"minecraft:oak_stairs":56,"minecraft:brick_stairs":7,"minecraft:polished_andesite_stairs":81,"minecraft:quartz_block":2,"minecraft:dark_oak_slab":257,"minecraft:tropical_fish_spawn_egg":5,"minecraft:smooth_quartz":521,"minecraft:barrel":26,"minecraft:crimson_planks":1,"minecraft:stone_brick_stairs":210,"minecraft:music_disc_stal":1,"minecraft:item_frame":14,"minecraft:bamboo":8,"minecraft:bedrock":1,"minecraft:basalt":929,"minecraft:bow":2,"minecraft:red_carpet":107,"minecraft:redstone_lamp":136,"minecraft:lime_concrete":431,"minecraft:snow":888,"minecraft:hay_block":82,"minecraft:iron_trapdoor":144,"minecraft:infested_cracked_stone_bricks":1,"minecraft:dark_oak_pressure_plate":22,"minecraft:furnace":4,"minecraft:acacia_planks":9,"minecraft:crimson_stem":3,"minecraft:water_bucket":27,"minecraft:brick_wall":6,"minecraft:spruce_door":6,"minecraft:snow_block":3062,"minecraft:birch_planks":16,"minecraft:polished_andesite":2051,"minecraft:acacia_trapdoor":4,"minecraft:dark_oak_sign":13,"minecraft:oak_planks":51,"minecraft:spruce_sign":110,"minecraft:clay":25,"minecraft:cookie":3,"minecraft:oak_leaves":6,"minecraft:white_wool":105,"minecraft:dark_oak_trapdoor":34,"minecraft:rail":742,"minecraft:yellow_terracotta":63,"minecraft:light_blue_concrete":15,"minecraft:oak_slab":18,"minecraft:crafting_table":2,"minecraft:birch_sign":12,"minecraft:black_banner":7,"minecraft:light_gray_terracotta":15,"minecraft:yellow_concrete":6,"minecraft:blue_ice":8659,"minecraft:campfire":29,"minecraft:stone_brick_wall":189,"minecraft:dark_oak_fence_gate":2,"minecraft:note_block":9,"minecraft:gray_concrete":927,"minecraft:black_bed":4,"minecraft:painting":132,"minecraft:black_concrete_powder":5,"minecraft:infested_stone_bricks":66,"minecraft:warped_planks":1,"minecraft:cake":6,"minecraft:spruce_log":6,"minecraft:dark_oak_door":19,"minecraft:redstone_torch":3,"minecraft:oak_log":672,"minecraft:black_terracotta":105,"minecraft:lever":16,"minecraft:flower_pot":11,"minecraft:black_concrete":264,"minecraft:daylight_detector":158,"minecraft:acacia_door":8,"minecraft:lime_carpet":5,"minecraft:light_gray_concrete":128,"minecraft:stone_button":1,"minecraft:barrier":853,"minecraft:warped_slab":1,"minecraft:pig_spawn_egg":1,"minecraft:spruce_pressure_plate":29,"minecraft:stone_slab":44,"minecraft:red_terracotta":14,"minecraft:spruce_trapdoor":105,"minecraft:iron_door":7,"minecraft:spruce_sapling":93,"minecraft:gravel":70,"minecraft:polished_andesite_slab":3,"minecraft:soul_lantern":6,"minecraft:chiseled_stone_bricks":15,"minecraft:coal_block":137,"minecraft:cobblestone":185,"minecraft:andesite":31,"minecraft:dark_oak_fence":4,"minecraft:repeating_command_block":1,"minecraft:andesite_stairs":8,"minecraft:chain":1,"minecraft:glass_pane":166,"minecraft:ice":203,"minecraft:smooth_stone_slab":183,"minecraft:white_concrete":45,"minecraft:gray_wool":6,"minecraft:bone_meal":930,"minecraft:cobweb":1,"minecraft:soul_torch":3},"minecraft:custom":{"minecraft:interact_with_smithing_table":1,"minecraft:interact_with_anvil":13,"minecraft:mob_kills":1,"minecraft:open_barrel":45,"minecraft:open_shulker_box":2,"minecraft:bell_ring":7,"minecraft:eat_cake_slice":8,"minecraft:leave_game":129,"minecraft:time_since_death":14731,"minecraft:climb_one_cm":83260,"minecraft:sprint_one_cm":6563978,"minecraft:walk_one_cm":6792117,"minecraft:drop":55,"minecraft:deaths":100,"minecraft:sneak_time":99716,"minecraft:walk_under_water_one_cm":52371,"minecraft:interact_with_lectern":3,"minecraft:jump":57484,"minecraft:walk_on_water_one_cm":86124,"minecraft:interact_with_furnace":1,"minecraft:play_record":2,"minecraft:tune_noteblock":92,"minecraft:play_one_minute":4033092,"minecraft:interact_with_loom":2,"minecraft:pot_flower":20,"minecraft:sleep_in_bed":4,"minecraft:time_since_rest":14755,"minecraft:damage_taken":16427,"minecraft:minecart_one_cm":2869,"minecraft:damage_dealt":8970,"minecraft:swim_one_cm":20925,"minecraft:fly_one_cm":31328497,"minecraft:player_kills":34,"minecraft:open_chest":1,"minecraft:crouch_one_cm":174860,"minecraft:fall_one_cm":165310},"minecraft:killed_by":{"minecraft:player":39}},"DataVersion":2586}