{"stats":{"minecraft:used":{"minecraft:jungle_leaves":14,"minecraft:writable_book":10,"minecraft:iron_bars":19,"minecraft:red_concrete":338,"minecraft:spruce_slab":108,"minecraft:redstone":2,"minecraft:ladder":1,"minecraft:oak_sign":4,"minecraft:spruce_planks":324,"minecraft:stone":1409,"minecraft:creeper_head":3,"minecraft:white_shulker_box":1,"minecraft:player_head":3,"minecraft:green_terracotta":308,"minecraft:spruce_leaves":76,"minecraft:torch":15,"minecraft:hopper":5,"minecraft:spruce_stairs":80,"minecraft:cobblestone_wall":5,"minecraft:stone_stairs":2,"minecraft:pink_terracotta":1,"minecraft:spruce_fence":5,"minecraft:blue_concrete":6,"minecraft:polished_diorite":708,"minecraft:andesite_wall":38,"minecraft:shroomlight":30,"minecraft:purple_banner":6,"minecraft:glass":434,"minecraft:stone_brick_slab":28,"minecraft:dark_oak_planks":1260,"minecraft:packed_ice":8,"minecraft:cyan_terracotta":363,"minecraft:lava_bucket":66,"minecraft:bookshelf":241,"minecraft:grass_block":172,"minecraft:lantern":1,"minecraft:spruce_wood":961,"minecraft:iron_block":210,"minecraft:light_weighted_pressure_plate":5,"minecraft:polished_andesite_stairs":27,"minecraft:dark_oak_leaves":249,"minecraft:dark_oak_slab":277,"minecraft:crimson_planks":24,"minecraft:stone_brick_stairs":7,"minecraft:barrel":27,"minecraft:stone_bricks":444,"minecraft:item_frame":14,"minecraft:red_carpet":18,"minecraft:tripwire_hook":7,"minecraft:purple_concrete":5,"minecraft:glowstone":28,"minecraft:repeater":4,"minecraft:redstone_lamp":8,"minecraft:lime_concrete":46,"minecraft:snow":2801,"minecraft:black_stained_glass":23,"minecraft:written_book":11,"minecraft:iron_trapdoor":3,"minecraft:podzol":20,"minecraft:gold_block":6,"minecraft:stone_pressure_plate":2,"minecraft:acacia_planks":5,"minecraft:dragon_head":2,"minecraft:observer":18,"minecraft:chiseled_polished_blackstone":5,"minecraft:dark_oak_stairs":88,"minecraft:water_bucket":84,"minecraft:dropper":3,"minecraft:snow_block":158,"minecraft:dark_oak_sign":74,"minecraft:polished_andesite":1164,"minecraft:oak_planks":1,"minecraft:spruce_sign":40,"minecraft:cracked_stone_bricks":358,"minecraft:dark_oak_trapdoor":4,"minecraft:comparator":5,"minecraft:infested_chiseled_stone_bricks":25,"minecraft:blast_furnace":2,"minecraft:yellow_concrete":1,"minecraft:blue_ice":650,"minecraft:campfire":5,"minecraft:gray_concrete":18,"minecraft:stone_brick_wall":84,"minecraft:painting":10,"minecraft:warped_planks":60,"minecraft:spruce_log":2,"minecraft:dark_oak_door":9,"minecraft:redstone_torch":7,"minecraft:sticky_piston":5,"minecraft:black_terracotta":631,"minecraft:piston":5,"minecraft:lever":23,"minecraft:flower_pot":23,"minecraft:black_concrete":33,"minecraft:acacia_door":2,"minecraft:dark_oak_log":184,"minecraft:zombie_head":3,"minecraft:lime_carpet":6,"minecraft:cracked_polished_blackstone_bricks":134,"minecraft:barrier":516,"minecraft:oak_button":3,"minecraft:spruce_pressure_plate":5,"minecraft:lectern":8,"minecraft:stone_slab":486,"minecraft:red_terracotta":3,"minecraft:spruce_trapdoor":85,"minecraft:iron_door":1,"minecraft:spruce_sapling":169,"minecraft:gravel":2,"minecraft:polished_andesite_slab":173,"minecraft:cobblestone":13,"minecraft:white_banner":1,"minecraft:andesite_stairs":5,"minecraft:andesite":23,"minecraft:glass_pane":91,"minecraft:ice":7,"minecraft:smooth_stone_slab":30,"minecraft:polished_blackstone_button":2,"minecraft:sea_pickle":2,"minecraft:warped_button":1,"minecraft:bone_meal":290,"minecraft:jukebox":1,"minecraft:cobweb":2},"minecraft:dropped":{"minecraft:dark_oak_slab":2,"minecraft:barrier":7,"minecraft:purple_concrete":1,"minecraft:spruce_stairs":1,"minecraft:gray_concrete":4,"minecraft:dark_oak_log":1,"minecraft:torch":1,"minecraft:writable_book":3,"minecraft:dark_oak_planks":1,"minecraft:red_concrete":1,"minecraft:polished_andesite_slab":2,"minecraft:lime_concrete":1,"minecraft:black_terracotta":1,"minecraft:blue_concrete":1,"minecraft:stone_slab":2,"minecraft:snow":1,"minecraft:spruce_log":1,"minecraft:written_book":1},"minecraft:custom":{"minecraft:open_barrel":5,"minecraft:open_shulker_box":2,"minecraft:leave_game":10,"minecraft:time_since_death":6391,"minecraft:climb_one_cm":2667,"minecraft:sprint_one_cm":2118860,"minecraft:walk_one_cm":1759238,"minecraft:drop":31,"minecraft:deaths":9,"minecraft:sneak_time":19966,"minecraft:walk_under_water_one_cm":5366,"minecraft:interact_with_lectern":6,"minecraft:jump":14001,"minecraft:interact_with_blast_furnace":1,"minecraft:walk_on_water_one_cm":1332,"minecraft:play_one_minute":965216,"minecraft:pot_flower":10,"minecraft:time_since_rest":6487,"minecraft:damage_taken":1340,"minecraft:damage_dealt":1599,"minecraft:fly_one_cm":7072175,"minecraft:player_kills":2,"minecraft:crouch_one_cm":37137,"minecraft:fall_one_cm":40151},"minecraft:killed_by":{"minecraft:player":5},"minecraft:picked_up":{"minecraft:spruce_leaves":1,"minecraft:stone_slab":1,"minecraft:blue_concrete":1,"minecraft:snow":1,"minecraft:birch_fence":1,"minecraft:crimson_fence":1,"minecraft:written_book":5,"minecraft:acacia_fence":1,"minecraft:torch":1,"minecraft:spruce_stairs":1,"minecraft:spruce_fence":1,"minecraft:dark_oak_planks":2,"minecraft:andesite_wall":1,"minecraft:barrier":6,"minecraft:jungle_fence":1,"minecraft:cobblestone_wall":2,"minecraft:gray_concrete":4,"minecraft:polished_andesite_slab":2,"minecraft:purple_concrete":1,"minecraft:dark_oak_slab":3,"minecraft:black_terracotta":2,"minecraft:lime_concrete":1,"minecraft:dark_oak_log":1,"minecraft:black_concrete":1,"minecraft:writable_book":3,"minecraft:painting":4,"minecraft:red_concrete":1}},"DataVersion":2586}