{"stats":{"minecraft:used":{"minecraft:quartz_bricks":317,"minecraft:dark_oak_stairs":10,"minecraft:end_rod":162,"minecraft:iron_bars":52,"minecraft:lodestone":7,"minecraft:dropper":13,"minecraft:snow_block":208,"minecraft:smooth_quartz_slab":42,"minecraft:red_concrete":1513,"minecraft:polished_andesite":250,"minecraft:spruce_slab":195,"minecraft:dark_oak_sign":4,"minecraft:oak_sign":1,"minecraft:smooth_sandstone_slab":3,"minecraft:light_blue_terracotta":314,"minecraft:black_carpet":83,"minecraft:blackstone":1,"minecraft:lime_concrete_powder":211,"minecraft:spruce_planks":27,"minecraft:chest":250,"minecraft:white_terracotta":6,"minecraft:stone":3741,"minecraft:cauldron":4,"minecraft:fletching_table":1,"minecraft:stonecutter":3,"minecraft:green_terracotta":366,"minecraft:conduit":6,"minecraft:cracked_stone_bricks":601,"minecraft:spruce_leaves":1842,"minecraft:dark_oak_trapdoor":2,"minecraft:torch":10,"minecraft:brewing_stand":12,"minecraft:yellow_terracotta":193,"minecraft:dirt":1,"minecraft:anvil":3,"minecraft:target":1,"minecraft:terracotta":11,"minecraft:infested_chiseled_stone_bricks":313,"minecraft:white_carpet":7,"minecraft:lime_stained_glass_pane":46,"minecraft:tnt":3,"minecraft:crafting_table":3,"minecraft:hopper":6,"minecraft:loom":5,"minecraft:spruce_stairs":240,"minecraft:blast_furnace":2,"minecraft:light_gray_terracotta":282,"minecraft:yellow_concrete":69,"minecraft:chiseled_quartz_block":1,"minecraft:blue_ice":91,"minecraft:pink_terracotta":3,"minecraft:light_gray_concrete_powder":26,"minecraft:stone_brick_wall":28,"minecraft:gray_concrete":9,"minecraft:painting":44,"minecraft:smoker":2,"minecraft:dark_oak_door":6,"minecraft:polished_diorite":556,"minecraft:shroomlight":26,"minecraft:oak_log":7,"minecraft:brown_terracotta":77,"minecraft:black_terracotta":1048,"minecraft:glass":67,"minecraft:gray_terracotta":97,"minecraft:dark_oak_planks":684,"minecraft:netherite_block":4,"minecraft:green_concrete":53,"minecraft:packed_ice":27,"minecraft:cyan_terracotta":1486,"minecraft:bookshelf":74,"minecraft:quartz_pillar":2,"minecraft:birch_slab":49,"minecraft:lime_carpet":44,"minecraft:dark_oak_log":634,"minecraft:spruce_wood":69,"minecraft:light_gray_concrete":1,"minecraft:lantern":467,"minecraft:iron_block":136,"minecraft:grass_block":8,"minecraft:barrier":161,"minecraft:acacia_slab":3,"minecraft:quartz_block":307,"minecraft:dark_oak_wood":201,"minecraft:dark_oak_leaves":12,"minecraft:red_terracotta":155,"minecraft:dark_oak_slab":1450,"minecraft:gray_concrete_powder":6,"minecraft:spruce_sapling":8,"minecraft:gravel":618,"minecraft:polished_andesite_slab":264,"minecraft:soul_lantern":38,"minecraft:bedrock":124,"minecraft:green_carpet":151,"minecraft:chiseled_stone_bricks":66,"minecraft:red_stained_glass_pane":101,"minecraft:coal_block":3,"minecraft:glowstone":249,"minecraft:red_carpet":707,"minecraft:cobblestone":758,"minecraft:lime_concrete":447,"minecraft:snow":3340,"minecraft:black_stained_glass":127,"minecraft:andesite":423,"minecraft:crimson_stairs":10,"minecraft:dark_oak_pressure_plate":3,"minecraft:furnace":5,"minecraft:grindstone":8,"minecraft:smithing_table":3,"minecraft:dark_oak_fence":7,"minecraft:podzol":93,"minecraft:gold_block":12,"minecraft:red_banner":59,"minecraft:polished_diorite_stairs":3,"minecraft:chain":416,"minecraft:glass_pane":23,"minecraft:acacia_wood":6,"minecraft:white_concrete":799,"minecraft:polished_blackstone_stairs":44,"minecraft:coarse_dirt":15,"minecraft:acacia_planks":574,"minecraft:bone_meal":197,"minecraft:jukebox":6,"minecraft:cobweb":25},"minecraft:dropped":{"minecraft:cobblestone_wall":1,"minecraft:jungle_fence":2,"minecraft:red_banner":1,"minecraft:andesite_wall":2,"minecraft:lantern":1,"minecraft:spruce_fence":1,"minecraft:end_rod":1,"minecraft:spruce_leaves":2,"minecraft:shroomlight":1,"minecraft:birch_fence":1,"minecraft:dark_oak_fence":2,"minecraft:lodestone":1,"minecraft:dark_oak_wood":1,"minecraft:chain":1,"minecraft:crimson_fence":1,"minecraft:acacia_fence":1,"minecraft:spruce_sapling":1},"minecraft:custom":{"minecraft:interact_with_furnace":1,"minecraft:inspect_dropper":4,"minecraft:inspect_hopper":1,"minecraft:play_one_minute":1416327,"minecraft:bell_ring":7,"minecraft:leave_game":24,"minecraft:time_since_death":15290,"minecraft:climb_one_cm":1572,"minecraft:time_since_rest":15381,"minecraft:sprint_one_cm":718096,"minecraft:damage_taken":800,"minecraft:walk_one_cm":3578503,"minecraft:drop":21,"minecraft:damage_dealt":200,"minecraft:fly_one_cm":9776518,"minecraft:open_chest":9,"minecraft:crouch_one_cm":50871,"minecraft:deaths":2,"minecraft:sneak_time":34857,"minecraft:walk_under_water_one_cm":690,"minecraft:jump":2155,"minecraft:walk_on_water_one_cm":3623,"minecraft:fall_one_cm":5991},"minecraft:killed_by":{"minecraft:player":1},"minecraft:picked_up":{"minecraft:spruce_leaves":2,"minecraft:jungle_fence":2,"minecraft:cobblestone_wall":1,"minecraft:lantern":1,"minecraft:shroomlight":1,"minecraft:birch_fence":1,"minecraft:crimson_fence":1,"minecraft:spruce_wood":1,"minecraft:acacia_fence":1,"minecraft:spruce_fence":1,"minecraft:red_banner":1,"minecraft:spruce_sapling":1,"minecraft:andesite_wall":4,"minecraft:bone_meal":1,"minecraft:end_rod":1,"minecraft:lodestone":1,"minecraft:dark_oak_wood":1,"minecraft:dark_oak_fence":3,"minecraft:iron_bars":1}},"DataVersion":2586}