{"stats":{"minecraft:picked_up":{"minecraft:snowball":1},"minecraft:custom":{"minecraft:jump":232,"minecraft:time_since_rest":101765,"minecraft:damage_dealt":336,"minecraft:play_one_minute":101765,"minecraft:crouch_one_cm":1313,"minecraft:leave_game":9,"minecraft:sprint_one_cm":26932,"minecraft:time_since_death":101765,"minecraft:walk_one_cm":203413,"minecraft:sneak_time":231,"minecraft:fly_one_cm":54893,"minecraft:fall_one_cm":418,"minecraft:player_kills":1},"minecraft:used":{"minecraft:dark_oak_sign":1,"minecraft:snowball":304}},"DataVersion":2586}