{
  "minecraft:recipes/decorations/snow": {
    "criteria": {
      "has_snowball": "2023-12-24 09:39:35 +0300"
    },
    "done": true
  },
  "minecraft:adventure/root": {
    "criteria": {
      "killed_something": "2023-12-24 09:23:43 +0300"
    },
    "done": true
  },
  "minecraft:recipes/building_blocks/snow_block": {
    "criteria": {
      "has_snowball": "2023-12-24 09:39:35 +0300"
    },
    "done": true
  },
  "minecraft:adventure/adventuring_time": {
    "criteria": {
      "minecraft:snowy_tundra": "2023-12-24 09:03:42 +0300"
    },
    "done": false
  },
  "DataVersion": 2586
}