{"stats":{"minecraft:custom":{"minecraft:interact_with_anvil":23,"minecraft:open_barrel":10,"minecraft:leave_game":270,"minecraft:time_since_death":13866,"minecraft:climb_one_cm":126693,"minecraft:sprint_one_cm":9019647,"minecraft:walk_one_cm":8424705,"minecraft:drop":49,"minecraft:deaths":59,"minecraft:sneak_time":114889,"minecraft:walk_under_water_one_cm":40269,"minecraft:interact_with_lectern":2,"minecraft:jump":48949,"minecraft:walk_on_water_one_cm":77000,"minecraft:interact_with_cartography_table":1,"minecraft:play_one_minute":4365597,"minecraft:pot_flower":13,"minecraft:sleep_in_bed":1,"minecraft:time_since_rest":13888,"minecraft:damage_taken":15167,"minecraft:damage_dealt":11878,"minecraft:swim_one_cm":25153,"minecraft:fly_one_cm":25448668,"minecraft:player_kills":38,"minecraft:crouch_one_cm":361263,"minecraft:fall_one_cm":296188},"minecraft:picked_up":{"minecraft:azure_bluet":2,"minecraft:gold_block":1,"minecraft:oak_sign":2,"minecraft:spruce_planks":1,"minecraft:poppy":1,"minecraft:spruce_slab":1,"minecraft:spruce_trapdoor":1,"minecraft:torch":4,"minecraft:warped_pressure_plate":1,"minecraft:quartz_block":1,"minecraft:command_block":5,"minecraft:cyan_terracotta":1,"minecraft:yellow_terracotta":3,"minecraft:bookshelf":1,"minecraft:rail":1,"minecraft:oxeye_daisy":1,"minecraft:barrier":1,"minecraft:repeater":1,"minecraft:chiseled_quartz_block":1,"minecraft:lantern":2,"minecraft:wheat_seeds":14,"minecraft:oak_planks":5,"minecraft:dandelion":16,"minecraft:diamond_shovel":2,"minecraft:black_concrete":1,"minecraft:writable_book":3,"minecraft:painting":13,"minecraft:oak_button":1,"minecraft:red_concrete":1},"minecraft:mined":{"minecraft:grass_block":375,"minecraft:dirt":7},"minecraft:dropped":{"minecraft:wheat_seeds":7,"minecraft:bookshelf":1,"minecraft:barrier":1,"minecraft:yellow_terracotta":3,"minecraft:granite":1,"minecraft:command_block":5,"minecraft:music_disc_pigstep":1,"minecraft:music_disc_13":1,"minecraft:music_disc_11":1,"minecraft:gold_block":1,"minecraft:cyan_terracotta":1,"minecraft:torch":1,"minecraft:repeater":1,"minecraft:music_disc_strad":1,"minecraft:writable_book":3,"minecraft:music_disc_ward":1,"minecraft:music_disc_wait":1,"minecraft:black_concrete":1,"minecraft:music_disc_stal":1,"minecraft:music_disc_cat":1,"minecraft:dandelion":8,"minecraft:music_disc_blocks":1,"minecraft:red_concrete":1,"minecraft:music_disc_chirp":1,"minecraft:chiseled_quartz_block":1,"minecraft:oak_planks":5,"minecraft:diamond_shovel":2,"minecraft:music_disc_far":1,"minecraft:oak_sign":1,"minecraft:oak_button":1,"minecraft:spruce_planks":1,"minecraft:quartz_block":1,"minecraft:music_disc_mall":1,"minecraft:spruce_slab":1,"minecraft:music_disc_mellohi":1},"minecraft:killed_by":{"minecraft:player":31},"minecraft:used":{"minecraft:oak_fence":17,"minecraft:oak_trapdoor":8,"minecraft:petrified_oak_slab":79,"minecraft:jungle_leaves":108,"minecraft:writable_book":8,"minecraft:iron_bars":323,"minecraft:dead_tube_coral_block":4,"minecraft:iron_shovel":40,"minecraft:red_concrete":54,"minecraft:redstone":91,"minecraft:spruce_slab":89,"minecraft:polished_blackstone":240,"minecraft:poppy":2,"minecraft:ladder":46,"minecraft:oak_sign":231,"minecraft:polished_basalt":371,"minecraft:spruce_planks":644,"minecraft:brown_concrete":3,"minecraft:white_terracotta":397,"minecraft:stone":641,"minecraft:stripped_jungle_wood":6,"minecraft:grass":40,"minecraft:quartz_stairs":5,"minecraft:bell":3,"minecraft:spruce_leaves":33,"minecraft:torch":3,"minecraft:dirt":73,"minecraft:anvil":178,"minecraft:white_carpet":56,"minecraft:brick_slab":818,"minecraft:spruce_stairs":65,"minecraft:oak_wood":2,"minecraft:spruce_fence":94,"minecraft:granite":478,"minecraft:nether_brick_stairs":1,"minecraft:polished_diorite":125,"minecraft:shroomlight":30,"minecraft:andesite_wall":117,"minecraft:glass":198,"minecraft:dark_oak_planks":2342,"minecraft:sea_lantern":350,"minecraft:cyan_terracotta":3369,"minecraft:bricks":2017,"minecraft:bookshelf":3291,"minecraft:quartz_pillar":5,"minecraft:black_stained_glass_pane":24,"minecraft:quartz_slab":17,"minecraft:lantern":52,"minecraft:iron_block":27,"minecraft:grass_block":229,"minecraft:oak_stairs":179,"minecraft:brick_stairs":44,"minecraft:polished_andesite_stairs":114,"minecraft:quartz_block":98,"minecraft:dark_oak_slab":123,"minecraft:smooth_quartz":3,"minecraft:barrel":65,"minecraft:stone_brick_stairs":18,"minecraft:item_frame":1,"minecraft:bedrock":19,"minecraft:basalt":1051,"minecraft:repeater":286,"minecraft:red_carpet":21,"minecraft:redstone_lamp":3,"minecraft:lime_concrete":13,"minecraft:brown_carpet":15,"minecraft:black_stained_glass":1,"minecraft:gray_glazed_terracotta":1,"minecraft:hay_block":34,"minecraft:scaffolding":5,"minecraft:furnace":2,"minecraft:podzol":2,"minecraft:polished_diorite_stairs":57,"minecraft:gold_block":65,"minecraft:skeleton_skull":1,"minecraft:horn_coral_block":1,"minecraft:stone_pressure_plate":43,"minecraft:stripped_spruce_wood":20,"minecraft:quartz_bricks":3,"minecraft:water_bucket":46,"minecraft:mossy_stone_bricks":49,"minecraft:diorite":27,"minecraft:end_rod":21,"minecraft:damaged_anvil":143,"minecraft:brick_wall":4,"minecraft:gray_carpet":10,"minecraft:polished_andesite":2172,"minecraft:oak_planks":2529,"minecraft:blackstone":10,"minecraft:redstone_block":62,"minecraft:spruce_sign":13,"minecraft:stonecutter":2,"minecraft:clay":144,"minecraft:cobblestone_slab":15,"minecraft:cracked_stone_bricks":81,"minecraft:polished_blackstone_pressure_plate":1,"minecraft:dark_oak_trapdoor":50,"minecraft:yellow_terracotta":1191,"minecraft:purpur_stairs":1,"minecraft:lime_terracotta":5,"minecraft:rail":33,"minecraft:comparator":22,"minecraft:oak_slab":172,"minecraft:yellow_concrete":175,"minecraft:campfire":2,"minecraft:chiseled_quartz_block":124,"minecraft:stone_brick_wall":255,"minecraft:gray_concrete":612,"minecraft:painting":48,"minecraft:black_concrete_powder":5,"minecraft:spruce_log":221,"minecraft:dark_oak_door":21,"minecraft:redstone_torch":47,"minecraft:oak_log":795,"minecraft:black_terracotta":818,"minecraft:netherite_block":71,"minecraft:lever":8,"minecraft:flower_pot":16,"minecraft:black_concrete":367,"minecraft:diamond_shovel":1063,"minecraft:birch_fence_gate":1,"minecraft:daylight_detector":35,"minecraft:acacia_door":13,"minecraft:command_block":594,"minecraft:lime_carpet":39,"minecraft:light_gray_concrete":77,"minecraft:heavy_weighted_pressure_plate":1,"minecraft:oak_button":13,"minecraft:barrier":1826,"minecraft:stone_button":12,"minecraft:spruce_pressure_plate":8,"minecraft:lectern":1,"minecraft:stone_slab":107,"minecraft:red_terracotta":159,"minecraft:spruce_trapdoor":240,"minecraft:oak_pressure_plate":14,"minecraft:iron_door":3,"minecraft:spruce_sapling":162,"minecraft:gravel":769,"minecraft:polished_andesite_slab":92,"minecraft:soul_lantern":1,"minecraft:crimson_sign":2,"minecraft:pink_bed":6,"minecraft:chiseled_stone_bricks":39,"minecraft:coal_block":9,"minecraft:fire_coral_block":4,"minecraft:cobblestone":75,"minecraft:stripped_oak_wood":67,"minecraft:bubble_coral_block":2,"minecraft:andesite":465,"minecraft:chain_command_block":29,"minecraft:lapis_block":5,"minecraft:bucket":8,"minecraft:repeating_command_block":28,"minecraft:smooth_stone_slab":446,"minecraft:sea_pickle":2,"minecraft:stripped_oak_log":3,"minecraft:white_concrete":16,"minecraft:coarse_dirt":205,"minecraft:smooth_stone":4,"minecraft:bone_meal":117,"minecraft:cobweb":50,"minecraft:soul_torch":7}},"DataVersion":2586}