{"stats":{"minecraft:custom":{"minecraft:time_since_rest":227,"minecraft:crouch_one_cm":93980,"minecraft:play_one_minute":154567,"minecraft:sprint_one_cm":371145,"minecraft:interact_with_loom":1,"minecraft:deaths":18,"minecraft:damage_taken":8129,"minecraft:walk_one_cm":396410,"minecraft:sneak_time":30151,"minecraft:bell_ring":38,"minecraft:walk_under_water_one_cm":3079,"minecraft:jump":1513,"minecraft:damage_dealt":740,"minecraft:leave_game":10,"minecraft:walk_on_water_one_cm":3751,"minecraft:time_since_death":201,"minecraft:climb_one_cm":10350,"minecraft:fall_one_cm":46331,"minecraft:tune_noteblock":144,"minecraft:fly_one_cm":467415,"minecraft:player_kills":3},"minecraft:picked_up":{"minecraft:painting":2},"minecraft:killed_by":{"minecraft:player":14},"minecraft:used":{"minecraft:cyan_terracotta":17,"minecraft:water_bucket":1,"minecraft:dark_oak_planks":2,"minecraft:dark_oak_stairs":1,"minecraft:lever":1,"minecraft:jungle_leaves":2,"minecraft:warped_trapdoor":1,"minecraft:bricks":3,"minecraft:iron_trapdoor":3,"minecraft:oak_planks":3,"minecraft:bubble_coral_block":6,"minecraft:oak_sign":9,"minecraft:ender_pearl":19,"minecraft:spruce_planks":34,"minecraft:painting":35,"minecraft:spruce_trapdoor":8,"minecraft:spruce_sign":6}},"DataVersion":2586}