{"stats":{"minecraft:custom":{"minecraft:jump":1115,"minecraft:time_since_rest":2909,"minecraft:damage_dealt":540,"minecraft:walk_on_water_one_cm":1177,"minecraft:play_one_minute":86757,"minecraft:crouch_one_cm":68309,"minecraft:damage_taken":7709,"minecraft:leave_game":4,"minecraft:sprint_one_cm":261191,"minecraft:time_since_death":2881,"minecraft:walk_one_cm":194781,"minecraft:deaths":14,"minecraft:sneak_time":20928,"minecraft:climb_one_cm":4468,"minecraft:walk_under_water_one_cm":1,"minecraft:tune_noteblock":4,"minecraft:fall_one_cm":43086,"minecraft:fly_one_cm":232406,"minecraft:player_kills":2},"minecraft:killed_by":{"minecraft:player":12}},"DataVersion":2586}