{"stats":{"minecraft:dropped":{"minecraft:torch":3,"minecraft:soul_lantern":8},"minecraft:custom":{"minecraft:time_since_rest":2133,"minecraft:crouch_one_cm":14312,"minecraft:play_one_minute":64874,"minecraft:sprint_one_cm":263046,"minecraft:deaths":7,"minecraft:damage_taken":2769,"minecraft:walk_one_cm":121835,"minecraft:sneak_time":5798,"minecraft:walk_under_water_one_cm":348,"minecraft:drop":11,"minecraft:jump":1272,"minecraft:damage_dealt":5658,"minecraft:leave_game":2,"minecraft:walk_on_water_one_cm":4715,"minecraft:time_since_death":2109,"minecraft:climb_one_cm":2230,"minecraft:swim_one_cm":3250,"minecraft:fall_one_cm":29265,"minecraft:fly_one_cm":289418,"minecraft:player_kills":9},"minecraft:picked_up":{"minecraft:torch":2,"minecraft:soul_lantern":8},"minecraft:killed_by":{"minecraft:player":6}},"DataVersion":2586}