{"stats":{"minecraft:dropped":{"minecraft:music_disc_pigstep":1,"minecraft:music_disc_13":1,"minecraft:music_disc_11":1,"minecraft:cyan_terracotta":1,"minecraft:music_disc_strad":1,"minecraft:writable_book":3,"minecraft:music_disc_ward":1,"minecraft:music_disc_wait":1,"minecraft:music_disc_stal":1,"minecraft:music_disc_cat":1,"minecraft:music_disc_blocks":1,"minecraft:music_disc_chirp":1,"minecraft:music_disc_far":1,"minecraft:music_disc_mall":1,"minecraft:music_disc_mellohi":1},"minecraft:killed_by":{"minecraft:player":9},"minecraft:picked_up":{"minecraft:music_disc_strad":3,"minecraft:azure_bluet":1,"minecraft:music_disc_cat":2,"minecraft:cornflower":1,"minecraft:music_disc_blocks":2,"minecraft:music_disc_mellohi":3,"minecraft:music_disc_11":3,"minecraft:music_disc_pigstep":3,"minecraft:tropical_fish":15,"minecraft:music_disc_ward":2,"minecraft:music_disc_wait":2,"minecraft:oxeye_daisy":2,"minecraft:music_disc_stal":3,"minecraft:wheat_seeds":3,"minecraft:music_disc_far":4,"minecraft:tall_grass":1,"minecraft:music_disc_chirp":3,"minecraft:scaffolding":2,"minecraft:music_disc_13":2,"minecraft:dandelion":3,"minecraft:soul_torch":1,"minecraft:music_disc_mall":2,"minecraft:writable_book":3,"minecraft:granite":1,"minecraft:painting":22,"minecraft:bone_meal":1,"minecraft:spruce_sign":2},"minecraft:custom":{"minecraft:interact_with_smithing_table":1,"minecraft:interact_with_anvil":1,"minecraft:bell_ring":9,"minecraft:leave_game":70,"minecraft:time_since_death":0,"minecraft:climb_one_cm":50267,"minecraft:sprint_one_cm":2201157,"minecraft:walk_one_cm":1555338,"minecraft:drop":17,"minecraft:deaths":33,"minecraft:sneak_time":46967,"minecraft:walk_under_water_one_cm":12333,"minecraft:jump":17509,"minecraft:walk_on_water_one_cm":27903,"minecraft:play_record":9,"minecraft:play_one_minute":1133846,"minecraft:interact_with_loom":4,"minecraft:pot_flower":1,"minecraft:time_since_rest":65,"minecraft:damage_taken":2693,"minecraft:damage_dealt":4530,"minecraft:minecart_one_cm":14240,"minecraft:swim_one_cm":18473,"minecraft:fly_one_cm":11155390,"minecraft:player_kills":14,"minecraft:crouch_one_cm":97004,"minecraft:fall_one_cm":44548},"minecraft:used":{"minecraft:oak_trapdoor":2,"minecraft:music_disc_far":2,"minecraft:trident":1,"minecraft:jungle_leaves":530,"minecraft:writable_book":5,"minecraft:iron_bars":76,"minecraft:dead_tube_coral_block":5,"minecraft:armor_stand":4,"minecraft:redstone":9,"minecraft:ladder":11,"minecraft:oak_sign":82,"minecraft:polished_basalt":664,"minecraft:spruce_planks":965,"minecraft:chest":7,"minecraft:white_terracotta":2,"minecraft:stone":66,"minecraft:grass":4,"minecraft:wooden_shovel":186,"minecraft:bell":2,"minecraft:tube_coral":3,"minecraft:spruce_leaves":1748,"minecraft:bee_spawn_egg":6,"minecraft:torch":2,"minecraft:dirt":1,"minecraft:white_carpet":10,"minecraft:brick_slab":372,"minecraft:bee_nest":2,"minecraft:music_disc_11":1,"minecraft:granite":109,"minecraft:spruce_fence":127,"minecraft:snowball":313,"minecraft:stripped_spruce_log":10,"minecraft:milk_bucket":1,"minecraft:polished_diorite":19,"minecraft:brown_terracotta":1,"minecraft:andesite_wall":5,"minecraft:jungle_sapling":122,"minecraft:music_disc_mellohi":1,"minecraft:glass":10,"minecraft:dark_oak_planks":178,"minecraft:stone_brick_slab":113,"minecraft:crimson_button":3,"minecraft:sea_lantern":4,"minecraft:cyan_terracotta":126,"minecraft:lava_bucket":1,"minecraft:bricks":1387,"minecraft:light_gray_stained_glass":25,"minecraft:bookshelf":73,"minecraft:lime_banner":2,"minecraft:music_disc_pigstep":1,"minecraft:jungle_fence_gate":3,"minecraft:spruce_wood":81,"minecraft:lantern":44,"minecraft:grass_block":58,"minecraft:oak_stairs":72,"minecraft:brick_stairs":149,"minecraft:music_disc_chirp":1,"minecraft:crimson_roots":7,"minecraft:dark_oak_button":15,"minecraft:barrel":67,"minecraft:music_disc_stal":2,"minecraft:item_frame":1,"minecraft:bedrock":2,"minecraft:basalt":1352,"minecraft:tripwire_hook":1,"minecraft:repeater":7,"minecraft:red_carpet":71,"minecraft:redstone_lamp":1,"minecraft:lime_concrete":2,"minecraft:iron_trapdoor":3,"minecraft:scaffolding":16,"minecraft:lime_stained_glass":3,"minecraft:oak_sapling":14,"minecraft:minecart":43,"minecraft:skeleton_skull":5,"minecraft:horn_coral_block":14,"minecraft:stone_pressure_plate":4,"minecraft:dragon_head":5,"minecraft:mossy_stone_bricks":8,"minecraft:water_bucket":139,"minecraft:brick_wall":159,"minecraft:lodestone":4,"minecraft:red_stained_glass":10,"minecraft:polished_andesite":201,"minecraft:oak_planks":10,"minecraft:cartography_table":1,"minecraft:redstone_block":1,"minecraft:spruce_sign":2,"minecraft:fletching_table":6,"minecraft:diamond_axe":9,"minecraft:clay":12,"minecraft:spruce_fence_gate":4,"minecraft:cracked_stone_bricks":14,"minecraft:oak_leaves":279,"minecraft:dark_oak_trapdoor":2,"minecraft:yellow_terracotta":5,"minecraft:rail":2,"minecraft:comparator":3,"minecraft:crafting_table":2,"minecraft:loom":3,"minecraft:red_bed":1,"minecraft:black_banner":6,"minecraft:campfire":27,"minecraft:chiseled_quartz_block":5,"minecraft:fire_coral":3,"minecraft:stone_brick_wall":18,"minecraft:gray_concrete":172,"minecraft:painting":415,"minecraft:black_concrete_powder":123,"minecraft:smoker":2,"minecraft:spruce_log":2,"minecraft:music_disc_strad":1,"minecraft:oak_log":68,"minecraft:black_terracotta":1,"minecraft:piston":13,"minecraft:lever":1,"minecraft:black_concrete":350,"minecraft:daylight_detector":18,"minecraft:command_block":3,"minecraft:lime_carpet":1,"minecraft:barrier":38,"minecraft:stone_button":1,"minecraft:stone_slab":30,"minecraft:red_terracotta":11,"minecraft:spruce_trapdoor":23,"minecraft:spruce_sapling":546,"minecraft:gravel":95,"minecraft:soul_lantern":15,"minecraft:coal_block":36,"minecraft:cobblestone":156,"minecraft:white_banner":4,"minecraft:smithing_table":1,"minecraft:bubble_coral_block":14,"minecraft:andesite":1332,"minecraft:chain":14,"minecraft:glass_pane":5,"minecraft:smooth_stone_slab":26,"minecraft:polished_blackstone_button":8,"minecraft:tropical_fish_bucket":51,"minecraft:coarse_dirt":81,"minecraft:bone_meal":6773,"minecraft:jukebox":3,"minecraft:soul_torch":29}},"DataVersion":2586}