{"stats":{"minecraft:custom":{"minecraft:jump":262,"minecraft:time_since_rest":8783,"minecraft:leave_game":1,"minecraft:damage_dealt":633,"minecraft:crouch_one_cm":404,"minecraft:play_one_minute":25698,"minecraft:deaths":2,"minecraft:damage_taken":900,"minecraft:sprint_one_cm":112493,"minecraft:walk_on_water_one_cm":1016,"minecraft:time_since_death":8725,"minecraft:walk_one_cm":193048,"minecraft:sneak_time":44,"minecraft:climb_one_cm":1903,"minecraft:fall_one_cm":4031,"minecraft:fly_one_cm":26224,"minecraft:player_kills":1},"minecraft:killed_by":{"minecraft:player":2}},"DataVersion":2586}