{"stats":{"minecraft:custom":{"minecraft:jump":1387,"minecraft:time_since_rest":466,"minecraft:damage_dealt":2751,"minecraft:damage_taken":3607,"minecraft:play_one_minute":59105,"minecraft:crouch_one_cm":18177,"minecraft:leave_game":5,"minecraft:time_since_death":420,"minecraft:sprint_one_cm":253802,"minecraft:walk_one_cm":99862,"minecraft:walk_on_water_one_cm":1201,"minecraft:deaths":6,"minecraft:sneak_time":5830,"minecraft:climb_one_cm":4292,"minecraft:fall_one_cm":33537,"minecraft:fly_one_cm":301219,"minecraft:player_kills":11},"minecraft:killed_by":{"minecraft:player":5}},"DataVersion":2586}