{"stats":{"minecraft:custom":{"minecraft:time_since_rest":443,"minecraft:interact_with_smithing_table":1,"minecraft:crouch_one_cm":15735,"minecraft:play_one_minute":105716,"minecraft:damage_taken":4232,"minecraft:sprint_one_cm":361312,"minecraft:deaths":15,"minecraft:walk_one_cm":199858,"minecraft:sneak_time":6684,"minecraft:walk_under_water_one_cm":1471,"minecraft:drop":13,"minecraft:jump":1541,"minecraft:damage_dealt":5728,"minecraft:leave_game":6,"minecraft:walk_on_water_one_cm":9604,"minecraft:time_since_death":404,"minecraft:climb_one_cm":2611,"minecraft:swim_one_cm":8959,"minecraft:fall_one_cm":46157,"minecraft:fly_one_cm":429369,"minecraft:player_kills":9,"minecraft:open_barrel":1},"minecraft:picked_up":{"minecraft:torch":2,"minecraft:soul_lantern":8},"minecraft:dropped":{"minecraft:lantern":1,"minecraft:torch":3,"minecraft:soul_lantern":9},"minecraft:killed_by":{"minecraft:player":10},"minecraft:used":{"minecraft:redstone_torch":1,"minecraft:yellow_wool":1,"minecraft:flower_pot":1,"minecraft:spruce_leaves":1,"minecraft:cyan_terracotta":1,"minecraft:snow":41,"minecraft:red_wool":1,"minecraft:polished_andesite":1,"minecraft:lime_wool":1,"minecraft:grindstone":1,"minecraft:lantern":5,"minecraft:smithing_table":1,"minecraft:dark_oak_fence":4,"minecraft:light_blue_wool":2,"minecraft:black_banner":5,"minecraft:orange_wool":1,"minecraft:ender_pearl":85,"minecraft:beehive":2}},"DataVersion":2586}